file,line,type,commit,author,date,time,timezone,datetime,depth,length
style.css,1,css,028e97d3,timeturtles,2026-04-30,23:16:46,-07:00,2026-04-30T23:16:46-07:00,0,10
style.css,2,css,f17a3134,timeturtles,2026-04-10,14:07:38,-07:00,2026-04-10T14:07:38-07:00,0,4
style.css,3,css,f17a3134,timeturtles,2026-04-10,14:07:38,-07:00,2026-04-10T14:07:38-07:00,1,22
style.css,4,css,f17a3134,timeturtles,2026-04-10,14:07:38,-07:00,2026-04-10T14:07:38-07:00,1,32
style.css,5,css,f17a3134,timeturtles,2026-04-10,14:07:38,-07:00,2026-04-10T14:07:38-07:00,0,0
style.css,6,css,7e9a4c1b,timeturtles,2026-04-10,15:05:41,-07:00,2026-04-10T15:05:41-07:00,0,0
style.css,7,css,784a0ff6,timeturtles,2026-04-01,23:06:26,-07:00,2026-04-01T23:06:26-07:00,0,4
style.css,8,css,784a0ff6,timeturtles,2026-04-01,23:06:26,-07:00,2026-04-01T23:06:26-07:00,1,23
style.css,9,css,3fa843c2,timeturtles,2026-04-08,17:02:52,-07:00,2026-04-08T17:02:52-07:00,1,15
style.css,10,css,bf72e975,timeturtles,2026-04-10,08:46:06,-07:00,2026-04-10T08:46:06-07:00,1,18
style.css,11,css,bf72e975,timeturtles,2026-04-10,08:46:06,-07:00,2026-04-10T08:46:06-07:00,1,12
style.css,12,css,524348a6,timeturtles,2026-04-08,17:50:04,-07:00,2026-04-08T17:50:04-07:00,0,0
style.css,13,css,bf72e975,timeturtles,2026-04-10,08:46:06,-07:00,2026-04-10T08:46:06-07:00,0,0
style.css,14,css,028e97d3,timeturtles,2026-04-30,23:16:46,-07:00,2026-04-30T23:16:46-07:00,0,21
style.css,15,css,524348a6,timeturtles,2026-04-08,17:50:04,-07:00,2026-04-08T17:50:04-07:00,0,3
style.css,16,css,db7352ed,timeturtles,2026-04-16,23:31:49,-07:00,2026-04-16T23:31:49-07:00,1,39
style.css,17,css,524348a6,timeturtles,2026-04-08,17:50:04,-07:00,2026-04-08T17:50:04-07:00,1,12
style.css,18,css,bc95a3b1,Benson Zhu,2026-04-09,22:48:02,-07:00,2026-04-09T22:48:02-07:00,1,18
style.css,19,css,bc95a3b1,Benson Zhu,2026-04-09,22:48:02,-07:00,2026-04-09T22:48:02-07:00,1,23
style.css,20,css,bc95a3b1,Benson Zhu,2026-04-09,22:48:02,-07:00,2026-04-09T22:48:02-07:00,1,25
style.css,21,css,db7352ed,timeturtles,2026-04-16,23:31:49,-07:00,2026-04-16T23:31:49-07:00,1,39
style.css,22,css,524348a6,timeturtles,2026-04-08,17:50:04,-07:00,2026-04-08T17:50:04-07:00,0,0
style.css,23,css,524348a6,timeturtles,2026-04-08,17:50:04,-07:00,2026-04-08T17:50:04-07:00,0,0
style.css,24,css,524348a6,timeturtles,2026-04-08,17:50:04,-07:00,2026-04-08T17:50:04-07:00,0,5
style.css,25,css,524348a6,timeturtles,2026-04-08,17:50:04,-07:00,2026-04-08T17:50:04-07:00,1,6
style.css,26,css,bc95a3b1,Benson Zhu,2026-04-09,22:48:02,-07:00,2026-04-09T22:48:02-07:00,1,20
style.css,27,css,bc95a3b1,Benson Zhu,2026-04-09,22:48:02,-07:00,2026-04-09T22:48:02-07:00,1,13
style.css,28,css,bc95a3b1,Benson Zhu,2026-04-09,22:48:02,-07:00,2026-04-09T22:48:02-07:00,1,17
style.css,29,css,bc95a3b1,Benson Zhu,2026-04-09,22:48:02,-07:00,2026-04-09T22:48:02-07:00,1,13
style.css,30,css,c1fc8081,timeturtles,2026-04-09,23:29:44,-07:00,2026-04-09T23:29:44-07:00,0,0
style.css,31,css,8ff80808,timeturtles,2026-04-10,08:57:33,-07:00,2026-04-10T08:57:33-07:00,0,0
style.css,32,css,8ff80808,timeturtles,2026-04-10,08:57:33,-07:00,2026-04-10T08:57:33-07:00,0,13
style.css,33,css,8ff80808,timeturtles,2026-04-10,08:57:33,-07:00,2026-04-10T08:57:33-07:00,1,25
style.css,34,css,f17a3134,timeturtles,2026-04-10,14:07:38,-07:00,2026-04-10T14:07:38-07:00,1,25
style.css,35,css,db7352ed,timeturtles,2026-04-16,23:31:49,-07:00,2026-04-16T23:31:49-07:00,1,39
style.css,36,css,f17a3134,timeturtles,2026-04-10,14:07:38,-07:00,2026-04-10T14:07:38-07:00,1,20
style.css,37,css,f17a3134,timeturtles,2026-04-10,14:07:38,-07:00,2026-04-10T14:07:38-07:00,0,0
style.css,38,css,f17a3134,timeturtles,2026-04-10,14:07:38,-07:00,2026-04-10T14:07:38-07:00,0,0
style.css,39,css,f17a3134,timeturtles,2026-04-10,14:07:38,-07:00,2026-04-10T14:07:38-07:00,0,11
style.css,40,css,f17a3134,timeturtles,2026-04-10,14:07:38,-07:00,2026-04-10T14:07:38-07:00,1,25
style.css,41,css,f17a3134,timeturtles,2026-04-10,14:07:38,-07:00,2026-04-10T14:07:38-07:00,1,25
style.css,42,css,f17a3134,timeturtles,2026-04-10,14:07:38,-07:00,2026-04-10T14:07:38-07:00,1,39
style.css,43,css,8ff80808,timeturtles,2026-04-10,08:57:33,-07:00,2026-04-10T08:57:33-07:00,1,20
style.css,44,css,db7352ed,timeturtles,2026-04-16,23:31:49,-07:00,2026-04-16T23:31:49-07:00,1,69
style.css,45,css,7e9a4c1b,timeturtles,2026-04-10,15:05:41,-07:00,2026-04-10T15:05:41-07:00,0,0
style.css,46,css,7e9a4c1b,timeturtles,2026-04-10,15:05:41,-07:00,2026-04-10T15:05:41-07:00,0,0
style.css,47,css,028e97d3,timeturtles,2026-04-30,23:16:46,-07:00,2026-04-30T23:16:46-07:00,0,16
style.css,48,css,107fe62b,timeturtles,2026-04-10,17:33:43,-07:00,2026-04-10T17:33:43-07:00,0,23
style.css,49,css,107fe62b,timeturtles,2026-04-10,17:33:43,-07:00,2026-04-10T17:33:43-07:00,1,12
style.css,50,css,107fe62b,timeturtles,2026-04-10,17:33:43,-07:00,2026-04-10T17:33:43-07:00,0,0
style.css,51,css,107fe62b,timeturtles,2026-04-10,17:33:43,-07:00,2026-04-10T17:33:43-07:00,0,0
style.css,52,css,7e9a4c1b,timeturtles,2026-04-10,15:05:41,-07:00,2026-04-10T15:05:41-07:00,0,4
style.css,53,css,7e9a4c1b,timeturtles,2026-04-10,15:05:41,-07:00,2026-04-10T15:05:41-07:00,1,12
style.css,54,css,7e9a4c1b,timeturtles,2026-04-10,15:05:41,-07:00,2026-04-10T15:05:41-07:00,1,30
style.css,55,css,7e9a4c1b,timeturtles,2026-04-10,15:05:41,-07:00,2026-04-10T15:05:41-07:00,1,7
style.css,56,css,7e9a4c1b,timeturtles,2026-04-10,15:05:41,-07:00,2026-04-10T15:05:41-07:00,0,0
style.css,57,css,7e9a4c1b,timeturtles,2026-04-10,15:05:41,-07:00,2026-04-10T15:05:41-07:00,0,0
style.css,58,css,7e9a4c1b,timeturtles,2026-04-10,15:05:41,-07:00,2026-04-10T15:05:41-07:00,0,10
style.css,59,css,7e9a4c1b,timeturtles,2026-04-10,15:05:41,-07:00,2026-04-10T15:05:41-07:00,1,12
style.css,60,css,7e9a4c1b,timeturtles,2026-04-10,15:05:41,-07:00,2026-04-10T15:05:41-07:00,1,29
style.css,61,css,7e9a4c1b,timeturtles,2026-04-10,15:05:41,-07:00,2026-04-10T15:05:41-07:00,1,18
style.css,62,css,181adb57,timeturtles,2026-04-10,15:31:03,-07:00,2026-04-10T15:31:03-07:00,0,0
style.css,63,css,181adb57,timeturtles,2026-04-10,15:31:03,-07:00,2026-04-10T15:31:03-07:00,0,0
style.css,64,css,028e97d3,timeturtles,2026-04-30,23:16:46,-07:00,2026-04-30T23:16:46-07:00,0,17
style.css,65,css,181adb57,timeturtles,2026-04-10,15:31:03,-07:00,2026-04-10T15:31:03-07:00,0,9
style.css,66,css,181adb57,timeturtles,2026-04-10,15:31:03,-07:00,2026-04-10T15:31:03-07:00,1,11
style.css,67,css,181adb57,timeturtles,2026-04-10,15:31:03,-07:00,2026-04-10T15:31:03-07:00,1,58
style.css,68,css,94849451,timeturtles,2026-04-10,21:50:18,-07:00,2026-04-10T21:50:18-07:00,1,7
style.css,69,css,8cd89fb5,timeturtles,2026-04-10,21:54:27,-07:00,2026-04-10T21:54:27-07:00,0,0
style.css,70,css,028e97d3,timeturtles,2026-04-30,23:16:46,-07:00,2026-04-30T23:16:46-07:00,1,23
style.css,71,css,107fe62b,timeturtles,2026-04-10,17:33:43,-07:00,2026-04-10T17:33:43-07:00,1,7
style.css,72,css,028e97d3,timeturtles,2026-04-30,23:16:46,-07:00,2026-04-30T23:16:46-07:00,2,12
style.css,73,css,028e97d3,timeturtles,2026-04-30,23:16:46,-07:00,2026-04-30T23:16:46-07:00,2,21
style.css,74,css,028e97d3,timeturtles,2026-04-30,23:16:46,-07:00,2026-04-30T23:16:46-07:00,2,30
style.css,75,css,107fe62b,timeturtles,2026-04-10,17:33:43,-07:00,2026-04-10T17:33:43-07:00,2,15
style.css,76,css,9d3f72a4,timeturtles,2026-04-24,03:02:49,-07:00,2026-04-24T03:02:49-07:00,2,3
style.css,77,css,9d3f72a4,timeturtles,2026-04-24,03:02:49,-07:00,2026-04-24T03:02:49-07:00,3,14
style.css,78,css,9d3f72a4,timeturtles,2026-04-24,03:02:49,-07:00,2026-04-24T03:02:49-07:00,3,11
style.css,79,css,9d3f72a4,timeturtles,2026-04-24,03:02:49,-07:00,2026-04-24T03:02:49-07:00,2,0
style.css,80,css,028e97d3,timeturtles,2026-04-30,23:16:46,-07:00,2026-04-30T23:16:46-07:00,2,16
style.css,81,css,028e97d3,timeturtles,2026-04-30,23:16:46,-07:00,2026-04-30T23:16:46-07:00,2,5
style.css,82,css,028e97d3,timeturtles,2026-04-30,23:16:46,-07:00,2026-04-30T23:16:46-07:00,3,23
style.css,83,css,028e97d3,timeturtles,2026-04-30,23:16:46,-07:00,2026-04-30T23:16:46-07:00,3,34
style.css,84,css,028e97d3,timeturtles,2026-04-30,23:16:46,-07:00,2026-04-30T23:16:46-07:00,2,0
style.css,85,css,107fe62b,timeturtles,2026-04-10,17:33:43,-07:00,2026-04-10T17:33:43-07:00,1,0
style.css,86,css,181adb57,timeturtles,2026-04-10,15:31:03,-07:00,2026-04-10T15:31:03-07:00,1,2
style.css,87,css,181adb57,timeturtles,2026-04-10,15:31:03,-07:00,2026-04-10T15:31:03-07:00,2,7
style.css,88,css,181adb57,timeturtles,2026-04-10,15:31:03,-07:00,2026-04-10T15:31:03-07:00,1,0
style.css,89,css,ae7347f3,timeturtles,2026-04-10,17:17:40,-07:00,2026-04-10T17:17:40-07:00,0,0
style.css,90,css,ae7347f3,timeturtles,2026-04-10,17:17:40,-07:00,2026-04-10T17:17:40-07:00,0,0
style.css,91,css,5c20aa82,timeturtles,2026-04-10,22:09:29,-07:00,2026-04-10T22:09:29-07:00,0,2
style.css,92,css,5c20aa82,timeturtles,2026-04-10,22:09:29,-07:00,2026-04-10T22:09:29-07:00,1,14
style.css,93,css,ae7347f3,timeturtles,2026-04-10,17:17:40,-07:00,2026-04-10T17:17:40-07:00,0,0
style.css,94,css,ae7347f3,timeturtles,2026-04-10,17:17:40,-07:00,2026-04-10T17:17:40-07:00,0,0
style.css,95,css,ae7347f3,timeturtles,2026-04-10,17:17:40,-07:00,2026-04-10T17:17:40-07:00,0,22
style.css,96,css,ae7347f3,timeturtles,2026-04-10,17:17:40,-07:00,2026-04-10T17:17:40-07:00,1,15
style.css,97,css,ae7347f3,timeturtles,2026-04-10,17:17:40,-07:00,2026-04-10T17:17:40-07:00,1,17
style.css,98,css,ae7347f3,timeturtles,2026-04-10,17:17:40,-07:00,2026-04-10T17:17:40-07:00,0,0
style.css,99,css,028e97d3,timeturtles,2026-04-30,23:16:46,-07:00,2026-04-30T23:16:46-07:00,0,25
style.css,100,css,dd862ad6,timeturtles,2026-04-10,21:28:26,-07:00,2026-04-10T21:28:26-07:00,0,7
style.css,101,css,dd862ad6,timeturtles,2026-04-10,21:28:26,-07:00,2026-04-10T21:28:26-07:00,1,2
style.css,102,css,dd862ad6,timeturtles,2026-04-10,21:28:26,-07:00,2026-04-10T21:28:26-07:00,2,25
style.css,103,css,94849451,timeturtles,2026-04-10,21:50:18,-07:00,2026-04-10T21:50:18-07:00,2,18
style.css,104,css,dd862ad6,timeturtles,2026-04-10,21:28:26,-07:00,2026-04-10T21:28:26-07:00,1,0
style.css,105,css,94849451,timeturtles,2026-04-10,21:50:18,-07:00,2026-04-10T21:50:18-07:00,0,0
style.css,106,css,94849451,timeturtles,2026-04-10,21:50:18,-07:00,2026-04-10T21:50:18-07:00,1,11
style.css,107,css,dd862ad6,timeturtles,2026-04-10,21:28:26,-07:00,2026-04-10T21:28:26-07:00,2,12
style.css,108,css,94849451,timeturtles,2026-04-10,21:50:18,-07:00,2026-04-10T21:50:18-07:00,2,18
style.css,109,css,94849451,timeturtles,2026-04-10,21:50:18,-07:00,2026-04-10T21:50:18-07:00,2,8
style.css,110,css,94849451,timeturtles,2026-04-10,21:50:18,-07:00,2026-04-10T21:50:18-07:00,2,15
style.css,111,css,94849451,timeturtles,2026-04-10,21:50:18,-07:00,2026-04-10T21:50:18-07:00,1,0
style.css,112,css,94849451,timeturtles,2026-04-10,21:50:18,-07:00,2026-04-10T21:50:18-07:00,0,0
style.css,113,css,94849451,timeturtles,2026-04-10,21:50:18,-07:00,2026-04-10T21:50:18-07:00,1,15
style.css,114,css,94849451,timeturtles,2026-04-10,21:50:18,-07:00,2026-04-10T21:50:18-07:00,2,10
style.css,115,css,94849451,timeturtles,2026-04-10,21:50:18,-07:00,2026-04-10T21:50:18-07:00,2,11
style.css,116,css,94849451,timeturtles,2026-04-10,21:50:18,-07:00,2026-04-10T21:50:18-07:00,1,0
style.css,117,css,94849451,timeturtles,2026-04-10,21:50:18,-07:00,2026-04-10T21:50:18-07:00,0,0
style.css,118,css,94849451,timeturtles,2026-04-10,21:50:18,-07:00,2026-04-10T21:50:18-07:00,1,2
style.css,119,css,94849451,timeturtles,2026-04-10,21:50:18,-07:00,2026-04-10T21:50:18-07:00,2,15
style.css,120,css,dd862ad6,timeturtles,2026-04-10,21:28:26,-07:00,2026-04-10T21:28:26-07:00,1,0
style.css,121,css,8cd89fb5,timeturtles,2026-04-10,21:54:27,-07:00,2026-04-10T21:54:27-07:00,0,0
style.css,122,css,8cd89fb5,timeturtles,2026-04-10,21:54:27,-07:00,2026-04-10T21:54:27-07:00,0,0
style.css,123,css,028e97d3,timeturtles,2026-04-30,23:16:46,-07:00,2026-04-30T23:16:46-07:00,0,17
style.css,124,css,8dce5a8a,timeturtles,2026-04-10,21:58:45,-07:00,2026-04-10T21:58:45-07:00,0,10
style.css,125,css,8cd89fb5,timeturtles,2026-04-10,21:54:27,-07:00,2026-04-10T21:54:27-07:00,1,12
style.css,126,css,8cd89fb5,timeturtles,2026-04-10,21:54:27,-07:00,2026-04-10T21:54:27-07:00,1,29
style.css,127,css,8cd89fb5,timeturtles,2026-04-10,21:54:27,-07:00,2026-04-10T21:54:27-07:00,1,13
style.css,128,css,8cd89fb5,timeturtles,2026-04-10,21:54:27,-07:00,2026-04-10T21:54:27-07:00,1,20
style.css,129,css,8cd89fb5,timeturtles,2026-04-10,21:54:27,-07:00,2026-04-10T21:54:27-07:00,1,17
style.css,130,css,db7352ed,timeturtles,2026-04-16,23:31:49,-07:00,2026-04-16T23:31:49-07:00,0,0
style.css,131,css,db7352ed,timeturtles,2026-04-16,23:31:49,-07:00,2026-04-16T23:31:49-07:00,0,0
style.css,132,css,028e97d3,timeturtles,2026-04-30,23:16:46,-07:00,2026-04-30T23:16:46-07:00,0,31
style.css,133,css,db7352ed,timeturtles,2026-04-16,23:31:49,-07:00,2026-04-16T23:31:49-07:00,0,13
style.css,134,css,db7352ed,timeturtles,2026-04-16,23:31:49,-07:00,2026-04-16T23:31:49-07:00,1,17
style.css,135,css,db7352ed,timeturtles,2026-04-16,23:31:49,-07:00,2026-04-16T23:31:49-07:00,1,8
style.css,136,css,db7352ed,timeturtles,2026-04-16,23:31:49,-07:00,2026-04-16T23:31:49-07:00,1,10
style.css,137,css,27eeba6e,timeturtles,2026-04-24,02:19:18,-07:00,2026-04-24T02:19:18-07:00,0,0
style.css,138,css,27eeba6e,timeturtles,2026-04-24,02:19:18,-07:00,2026-04-24T02:19:18-07:00,0,0
style.css,139,css,028e97d3,timeturtles,2026-04-30,23:16:46,-07:00,2026-04-30T23:16:46-07:00,0,16
style.css,140,css,27eeba6e,timeturtles,2026-04-24,02:19:18,-07:00,2026-04-24T02:19:18-07:00,0,17
style.css,141,css,27eeba6e,timeturtles,2026-04-24,02:19:18,-07:00,2026-04-24T02:19:18-07:00,1,12
style.css,142,css,27eeba6e,timeturtles,2026-04-24,02:19:18,-07:00,2026-04-24T02:19:18-07:00,1,36
style.css,143,css,27eeba6e,timeturtles,2026-04-24,02:19:18,-07:00,2026-04-24T02:19:18-07:00,1,17
style.css,144,css,27eeba6e,timeturtles,2026-04-24,02:19:18,-07:00,2026-04-24T02:19:18-07:00,1,10
style.css,145,css,27eeba6e,timeturtles,2026-04-24,02:19:18,-07:00,2026-04-24T02:19:18-07:00,0,0
style.css,146,css,27eeba6e,timeturtles,2026-04-24,02:19:18,-07:00,2026-04-24T02:19:18-07:00,0,0
style.css,147,css,27eeba6e,timeturtles,2026-04-24,02:19:18,-07:00,2026-04-24T02:19:18-07:00,0,17
style.css,148,css,27eeba6e,timeturtles,2026-04-24,02:19:18,-07:00,2026-04-24T02:19:18-07:00,1,10
style.css,149,css,27eeba6e,timeturtles,2026-04-24,02:19:18,-07:00,2026-04-24T02:19:18-07:00,1,15
style.css,150,css,27eeba6e,timeturtles,2026-04-24,02:19:18,-07:00,2026-04-24T02:19:18-07:00,1,16
style.css,151,css,27eeba6e,timeturtles,2026-04-24,02:19:18,-07:00,2026-04-24T02:19:18-07:00,1,10
style.css,152,css,27eeba6e,timeturtles,2026-04-24,02:19:18,-07:00,2026-04-24T02:19:18-07:00,0,0
style.css,153,css,27eeba6e,timeturtles,2026-04-24,02:19:18,-07:00,2026-04-24T02:19:18-07:00,0,0
style.css,154,css,27eeba6e,timeturtles,2026-04-24,02:19:18,-07:00,2026-04-24T02:19:18-07:00,0,17
style.css,155,css,27eeba6e,timeturtles,2026-04-24,02:19:18,-07:00,2026-04-24T02:19:18-07:00,1,10
style.css,156,css,27eeba6e,timeturtles,2026-04-24,02:19:18,-07:00,2026-04-24T02:19:18-07:00,1,8
style.css,157,css,27eeba6e,timeturtles,2026-04-24,02:19:18,-07:00,2026-04-24T02:19:18-07:00,1,16
style.css,158,css,27eeba6e,timeturtles,2026-04-24,02:19:18,-07:00,2026-04-24T02:19:18-07:00,1,16
style.css,159,css,028e97d3,timeturtles,2026-04-30,23:16:46,-07:00,2026-04-30T23:16:46-07:00,0,0
style.css,160,css,028e97d3,timeturtles,2026-04-30,23:16:46,-07:00,2026-04-30T23:16:46-07:00,0,0
style.css,161,css,028e97d3,timeturtles,2026-04-30,23:16:46,-07:00,2026-04-30T23:16:46-07:00,0,0
style.css,162,css,61177623,timeturtles,2026-05-01,03:38:45,-07:00,2026-05-01T03:38:45-07:00,0,0
style.css,163,css,61177623,timeturtles,2026-05-01,03:38:45,-07:00,2026-05-01T03:38:45-07:00,0,10
style.css,164,css,61177623,timeturtles,2026-05-01,03:38:45,-07:00,2026-05-01T03:38:45-07:00,1,12
style.css,165,css,61177623,timeturtles,2026-05-01,03:38:45,-07:00,2026-05-01T03:38:45-07:00,1,18
style.css,166,css,61177623,timeturtles,2026-05-01,03:38:45,-07:00,2026-05-01T03:38:45-07:00,1,7
style.css,167,css,61177623,timeturtles,2026-05-01,03:38:45,-07:00,2026-05-01T03:38:45-07:00,0,0
style.css,168,css,61177623,timeturtles,2026-05-01,03:38:45,-07:00,2026-05-01T03:38:45-07:00,1,13
style.css,169,css,61177623,timeturtles,2026-05-01,03:38:45,-07:00,2026-05-01T03:38:45-07:00,1,18
style.css,170,css,61177623,timeturtles,2026-05-01,03:38:45,-07:00,2026-05-01T03:38:45-07:00,2,14
style.css,171,css,61177623,timeturtles,2026-05-01,03:38:45,-07:00,2026-05-01T03:38:45-07:00,2,16
style.css,172,css,61177623,timeturtles,2026-05-01,03:38:45,-07:00,2026-05-01T03:38:45-07:00,2,16
style.css,173,css,61177623,timeturtles,2026-05-01,03:38:45,-07:00,2026-05-01T03:38:45-07:00,1,0
style.css,174,css,61177623,timeturtles,2026-05-01,03:38:45,-07:00,2026-05-01T03:38:45-07:00,1,17
style.css,175,css,61177623,timeturtles,2026-05-01,03:38:45,-07:00,2026-05-01T03:38:45-07:00,2,16
style.css,176,css,61177623,timeturtles,2026-05-01,03:38:45,-07:00,2026-05-01T03:38:45-07:00,3,11
style.css,177,css,61177623,timeturtles,2026-05-01,03:38:45,-07:00,2026-05-01T03:38:45-07:00,2,0
style.css,178,css,61177623,timeturtles,2026-05-01,03:38:45,-07:00,2026-05-01T03:38:45-07:00,1,0
style.css,179,css,61177623,timeturtles,2026-05-01,03:38:45,-07:00,2026-05-01T03:38:45-07:00,1,4
style.css,180,css,61177623,timeturtles,2026-05-01,03:38:45,-07:00,2026-05-01T03:38:45-07:00,2,16
style.css,181,css,61177623,timeturtles,2026-05-01,03:38:45,-07:00,2026-05-01T03:38:45-07:00,2,14
style.css,182,css,61177623,timeturtles,2026-05-01,03:38:45,-07:00,2026-05-01T03:38:45-07:00,1,0
style.css,183,css,61177623,timeturtles,2026-05-01,03:38:45,-07:00,2026-05-01T03:38:45-07:00,0,0
style.css,184,css,61177623,timeturtles,2026-05-01,03:38:45,-07:00,2026-05-01T03:38:45-07:00,1,10
style.css,185,css,61177623,timeturtles,2026-05-01,03:38:45,-07:00,2026-05-01T03:38:45-07:00,1,7
style.css,186,css,61177623,timeturtles,2026-05-01,03:38:45,-07:00,2026-05-01T03:38:45-07:00,2,12
style.css,187,css,61177623,timeturtles,2026-05-01,03:38:45,-07:00,2026-05-01T03:38:45-07:00,2,21
style.css,188,css,61177623,timeturtles,2026-05-01,03:38:45,-07:00,2026-05-01T03:38:45-07:00,2,11
style.css,189,css,61177623,timeturtles,2026-05-01,03:38:45,-07:00,2026-05-01T03:38:45-07:00,2,11
style.css,190,css,61177623,timeturtles,2026-05-01,03:38:45,-07:00,2026-05-01T03:38:45-07:00,2,6
style.css,191,css,61177623,timeturtles,2026-05-01,03:38:45,-07:00,2026-05-01T03:38:45-07:00,2,56
style.css,192,css,61177623,timeturtles,2026-05-01,03:38:45,-07:00,2026-05-01T03:38:45-07:00,2,7
style.css,193,css,61177623,timeturtles,2026-05-01,03:38:45,-07:00,2026-05-01T03:38:45-07:00,3,9
style.css,194,css,61177623,timeturtles,2026-05-01,03:38:45,-07:00,2026-05-01T03:38:45-07:00,3,18
style.css,195,css,61177623,timeturtles,2026-05-01,03:38:45,-07:00,2026-05-01T03:38:45-07:00,3,29
style.css,196,css,61177623,timeturtles,2026-05-01,03:38:45,-07:00,2026-05-01T03:38:45-07:00,3,17
style.css,197,css,61177623,timeturtles,2026-05-01,03:38:45,-07:00,2026-05-01T03:38:45-07:00,2,0
style.css,198,css,61177623,timeturtles,2026-05-01,03:38:45,-07:00,2026-05-01T03:38:45-07:00,2,12
style.css,199,css,61177623,timeturtles,2026-05-01,03:38:45,-07:00,2026-05-01T03:38:45-07:00,3,12
style.css,200,css,61177623,timeturtles,2026-05-01,03:38:45,-07:00,2026-05-01T03:38:45-07:00,3,18
style.css,201,css,61177623,timeturtles,2026-05-01,03:38:45,-07:00,2026-05-01T03:38:45-07:00,3,9
style.css,202,css,61177623,timeturtles,2026-05-01,03:38:45,-07:00,2026-05-01T03:38:45-07:00,2,0
style.css,203,css,61177623,timeturtles,2026-05-01,03:38:45,-07:00,2026-05-01T03:38:45-07:00,1,0
style.css,204,css,61177623,timeturtles,2026-05-01,03:38:45,-07:00,2026-05-01T03:38:45-07:00,0,0
style.css,205,css,61177623,timeturtles,2026-05-01,03:38:45,-07:00,2026-05-01T03:38:45-07:00,0,0
style.css,206,css,61177623,timeturtles,2026-05-01,03:38:45,-07:00,2026-05-01T03:38:45-07:00,0,9
style.css,207,css,61177623,timeturtles,2026-05-01,03:38:45,-07:00,2026-05-01T03:38:45-07:00,1,38
style.css,208,css,61177623,timeturtles,2026-05-01,03:38:45,-07:00,2026-05-01T03:38:45-07:00,0,0
style.css,209,css,61177623,timeturtles,2026-05-01,03:38:45,-07:00,2026-05-01T03:38:45-07:00,1,10
style.css,210,css,61177623,timeturtles,2026-05-01,03:38:45,-07:00,2026-05-01T03:38:45-07:00,2,17
style.css,211,css,61177623,timeturtles,2026-05-01,03:38:45,-07:00,2026-05-01T03:38:45-07:00,1,0
style.css,212,css,028e97d3,timeturtles,2026-04-30,23:16:46,-07:00,2026-04-30T23:16:46-07:00,0,0
style.css,213,css,61177623,timeturtles,2026-05-01,03:38:45,-07:00,2026-05-01T03:38:45-07:00,0,0
style.css,214,css,61177623,timeturtles,2026-05-01,03:38:45,-07:00,2026-05-01T03:38:45-07:00,0,0
index.js,1,js,33b44917,timeturtles,2026-04-24,02:12:22,-07:00,2026-04-24T02:12:22-07:00,0,71
index.js,2,js,732d9f4b,timeturtles,2026-04-24,01:30:15,-07:00,2026-04-24T01:30:15-07:00,0,0
index.js,3,js,732d9f4b,timeturtles,2026-04-24,01:30:15,-07:00,2026-04-24T01:30:15-07:00,0,54
index.js,4,js,732d9f4b,timeturtles,2026-04-24,01:30:15,-07:00,2026-04-24T01:30:15-07:00,0,42
index.js,5,js,732d9f4b,timeturtles,2026-04-24,01:30:15,-07:00,2026-04-24T01:30:15-07:00,0,60
index.js,6,js,732d9f4b,timeturtles,2026-04-24,01:30:15,-07:00,2026-04-24T01:30:15-07:00,0,0
index.js,7,js,77cfde3c,timeturtles,2026-04-24,02:03:33,-07:00,2026-04-24T02:03:33-07:00,0,54
index.js,8,js,77cfde3c,timeturtles,2026-04-24,02:03:33,-07:00,2026-04-24T02:03:33-07:00,0,0
index.js,9,js,77cfde3c,timeturtles,2026-04-24,02:03:33,-07:00,2026-04-24T02:03:33-07:00,0,54
index.js,10,js,77cfde3c,timeturtles,2026-04-24,02:03:33,-07:00,2026-04-24T02:03:33-07:00,0,60
index.js,11,js,77cfde3c,timeturtles,2026-04-24,02:03:33,-07:00,2026-04-24T02:03:33-07:00,0,0
index.js,12,js,77cfde3c,timeturtles,2026-04-24,02:03:33,-07:00,2026-04-24T02:03:33-07:00,0,17
index.js,13,js,77cfde3c,timeturtles,2026-04-24,02:03:33,-07:00,2026-04-24T02:03:33-07:00,1,24
index.js,14,js,77cfde3c,timeturtles,2026-04-24,02:03:33,-07:00,2026-04-24T02:03:33-07:00,4,2
index.js,15,js,77cfde3c,timeturtles,2026-04-24,02:03:33,-07:00,2026-04-24T02:03:33-07:00,5,55
index.js,16,js,77cfde3c,timeturtles,2026-04-24,02:03:33,-07:00,2026-04-24T02:03:33-07:00,5,55
index.js,17,js,77cfde3c,timeturtles,2026-04-24,02:03:33,-07:00,2026-04-24T02:03:33-07:00,5,49
index.js,18,js,77cfde3c,timeturtles,2026-04-24,02:03:33,-07:00,2026-04-24T02:03:33-07:00,5,49
index.js,19,js,77cfde3c,timeturtles,2026-04-24,02:03:33,-07:00,2026-04-24T02:03:33-07:00,4,3
index.js,20,js,77cfde3c,timeturtles,2026-04-24,02:03:33,-07:00,2026-04-24T02:03:33-07:00,2,0
index.js,21,js,77cfde3c,timeturtles,2026-04-24,02:03:33,-07:00,2026-04-24T02:03:33-07:00,0,0
index.html,1,html,749ecac2,timeturtles,2026-04-01,18:46:57,-07:00,2026-04-01T18:46:57-07:00,0,13
index.html,2,html,749ecac2,timeturtles,2026-04-01,18:46:57,-07:00,2026-04-01T18:46:57-07:00,0,14
index.html,3,html,749ecac2,timeturtles,2026-04-01,18:46:57,-07:00,2026-04-01T18:46:57-07:00,0,4
index.html,4,html,749ecac2,timeturtles,2026-04-01,18:46:57,-07:00,2026-04-01T18:46:57-07:00,2,20
index.html,5,html,749ecac2,timeturtles,2026-04-01,18:46:57,-07:00,2026-04-01T18:46:57-07:00,2,68
index.html,6,html,749ecac2,timeturtles,2026-04-01,18:46:57,-07:00,2026-04-01T18:46:57-07:00,2,52
index.html,7,html,784a0ff6,timeturtles,2026-04-01,23:06:26,-07:00,2026-04-01T23:06:26-07:00,2,38
index.html,8,html,c8a9d12e,timeturtles,2026-04-16,19:13:36,-07:00,2026-04-16T19:13:36-07:00,2,63
index.html,9,html,749ecac2,timeturtles,2026-04-01,18:46:57,-07:00,2026-04-01T18:46:57-07:00,0,5
index.html,10,html,749ecac2,timeturtles,2026-04-01,18:46:57,-07:00,2026-04-01T18:46:57-07:00,0,4
index.html,11,html,af672fa0,timeturtles,2026-04-03,12:14:10,-07:00,2026-04-03T12:14:10-07:00,2,17
index.html,12,html,c7209556,timeturtles,2026-04-03,21:07:13,-07:00,2026-04-03T21:07:13-07:00,2,188
index.html,13,html,1e39a401,timeturtles,2026-04-03,21:10:29,-07:00,2026-04-03T21:10:29-07:00,2,101
index.html,14,html,732d9f4b,timeturtles,2026-04-24,01:30:15,-07:00,2026-04-24T01:30:15-07:00,2,22
index.html,15,html,732d9f4b,timeturtles,2026-04-24,01:30:15,-07:00,2026-04-24T01:30:15-07:00,2,26
index.html,16,html,77cfde3c,timeturtles,2026-04-24,02:03:33,-07:00,2026-04-24T02:03:33-07:00,2,28
index.html,17,html,904f9b04,timeturtles,2026-04-24,01:44:46,-07:00,2026-04-24T01:44:46-07:00,2,50
index.html,18,html,749ecac2,timeturtles,2026-04-01,18:46:57,-07:00,2026-04-01T18:46:57-07:00,0,5
index.html,19,html,749ecac2,timeturtles,2026-04-01,18:46:57,-07:00,2026-04-01T18:46:57-07:00,0,5
global.js,1,js,b8caf90a,timeturtles,2026-04-15,17:48:43,-07:00,2026-04-15T17:48:43-07:00,0,41
global.js,2,js,b8caf90a,timeturtles,2026-04-15,17:48:43,-07:00,2026-04-15T17:48:43-07:00,1,52
global.js,3,js,b8caf90a,timeturtles,2026-04-15,17:48:43,-07:00,2026-04-15T17:48:43-07:00,0,0
global.js,4,js,27b65a42,timeturtles,2026-04-15,18:15:05,-07:00,2026-04-15T18:15:05-07:00,0,0
global.js,5,js,89d931a8,timeturtles,2026-04-16,13:04:33,-07:00,2026-04-16T13:04:33-07:00,0,11
global.js,6,js,89d931a8,timeturtles,2026-04-16,13:04:33,-07:00,2026-04-16T13:04:33-07:00,1,25
global.js,7,js,89d931a8,timeturtles,2026-04-16,13:04:33,-07:00,2026-04-16T13:04:33-07:00,1,38
global.js,8,js,89d931a8,timeturtles,2026-04-16,13:04:33,-07:00,2026-04-16T13:04:33-07:00,1,36
global.js,9,js,4b7fc0d9,timeturtles,2026-04-16,13:16:31,-07:00,2026-04-16T13:16:31-07:00,1,34
global.js,10,js,531fd3e8,timeturtles,2026-05-09,15:42:39,-07:00,2026-05-09T15:42:39-07:00,1,30
global.js,11,js,4b7fc0d9,timeturtles,2026-04-16,13:16:31,-07:00,2026-04-16T13:16:31-07:00,1,55
global.js,12,js,89d931a8,timeturtles,2026-04-16,13:04:33,-07:00,2026-04-16T13:04:33-07:00,0,0
global.js,13,js,27b65a42,timeturtles,2026-04-15,18:15:05,-07:00,2026-04-15T18:15:05-07:00,0,0
global.js,14,js,89d931a8,timeturtles,2026-04-16,13:04:33,-07:00,2026-04-16T13:04:33-07:00,0,38
global.js,15,js,89d931a8,timeturtles,2026-04-16,13:04:33,-07:00,2026-04-16T13:04:33-07:00,0,25
global.js,16,js,27b65a42,timeturtles,2026-04-15,18:15:05,-07:00,2026-04-15T18:15:05-07:00,0,0
global.js,17,js,89d931a8,timeturtles,2026-04-16,13:04:33,-07:00,2026-04-16T13:04:33-07:00,0,20
global.js,18,js,89d931a8,timeturtles,2026-04-16,13:04:33,-07:00,2026-04-16T13:04:33-07:00,1,14
global.js,19,js,89d931a8,timeturtles,2026-04-16,13:04:33,-07:00,2026-04-16T13:04:33-07:00,1,18
global.js,20,js,991748f5,timeturtles,2026-04-16,18:53:12,-07:00,2026-04-16T18:53:12-07:00,1,88
global.js,21,js,733eb5cc,timeturtles,2026-04-16,18:54:51,-07:00,2026-04-16T18:54:51-07:00,2,36
global.js,22,js,d0903020,timeturtles,2026-04-16,18:59:50,-07:00,2026-04-16T18:59:50-07:00,2,55
global.js,23,js,4b7fc0d9,timeturtles,2026-04-16,13:16:31,-07:00,2026-04-16T13:16:31-07:00,1,34
global.js,24,js,dbaa76f3,timeturtles,2026-04-16,17:41:09,-07:00,2026-04-16T17:41:09-07:00,1,52
global.js,25,js,4b7fc0d9,timeturtles,2026-04-16,13:16:31,-07:00,2026-04-16T13:16:31-07:00,1,11
global.js,26,js,4b7fc0d9,timeturtles,2026-04-16,13:16:31,-07:00,2026-04-16T13:16:31-07:00,1,20
global.js,27,js,4b7fc0d9,timeturtles,2026-04-16,13:16:31,-07:00,2026-04-16T13:16:31-07:00,1,65
global.js,28,js,4b7fc0d9,timeturtles,2026-04-16,13:16:31,-07:00,2026-04-16T13:16:31-07:00,2,25
global.js,29,js,4b7fc0d9,timeturtles,2026-04-16,13:16:31,-07:00,2026-04-16T13:16:31-07:00,1,0
global.js,30,js,c8a9d12e,timeturtles,2026-04-16,19:13:36,-07:00,2026-04-16T19:13:36-07:00,1,29
global.js,31,js,4b7fc0d9,timeturtles,2026-04-16,13:16:31,-07:00,2026-04-16T13:16:31-07:00,2,18
global.js,32,js,4b7fc0d9,timeturtles,2026-04-16,13:16:31,-07:00,2026-04-16T13:16:31-07:00,1,0
global.js,33,js,d0903020,timeturtles,2026-04-16,18:59:50,-07:00,2026-04-16T18:59:50-07:00,1,12
global.js,34,js,27b65a42,timeturtles,2026-04-15,18:15:05,-07:00,2026-04-15T18:15:05-07:00,0,0
global.js,35,js,27b65a42,timeturtles,2026-04-15,18:15:05,-07:00,2026-04-15T18:15:05-07:00,0,0
global.js,36,js,db7352ed,timeturtles,2026-04-16,23:31:49,-07:00,2026-04-16T23:31:49-07:00,0,31
global.js,37,js,db7352ed,timeturtles,2026-04-16,23:31:49,-07:00,2026-04-16T23:31:49-07:00,1,11
global.js,38,js,db7352ed,timeturtles,2026-04-16,23:31:49,-07:00,2026-04-16T23:31:49-07:00,1,0
global.js,39,js,db7352ed,timeturtles,2026-04-16,23:31:49,-07:00,2026-04-16T23:31:49-07:00,0,26
global.js,40,js,db7352ed,timeturtles,2026-04-16,23:31:49,-07:00,2026-04-16T23:31:49-07:00,0,4
global.js,41,js,db7352ed,timeturtles,2026-04-16,23:31:49,-07:00,2026-04-16T23:31:49-07:00,0,6
global.js,42,js,db7352ed,timeturtles,2026-04-16,23:31:49,-07:00,2026-04-16T23:31:49-07:00,0,43
global.js,43,js,db7352ed,timeturtles,2026-04-16,23:31:49,-07:00,2026-04-16T23:31:49-07:00,3,34
global.js,44,js,db7352ed,timeturtles,2026-04-16,23:31:49,-07:00,2026-04-16T23:31:49-07:00,3,32
global.js,45,js,db7352ed,timeturtles,2026-04-16,23:31:49,-07:00,2026-04-16T23:31:49-07:00,0,7
global.js,46,js,db7352ed,timeturtles,2026-04-16,23:31:49,-07:00,2026-04-16T23:31:49-07:00,0,8
global.js,47,js,db7352ed,timeturtles,2026-04-16,23:31:49,-07:00,2026-04-16T23:31:49-07:00,0,0
global.js,48,js,db7352ed,timeturtles,2026-04-16,23:31:49,-07:00,2026-04-16T23:31:49-07:00,0,0
global.js,49,js,db7352ed,timeturtles,2026-04-16,23:31:49,-07:00,2026-04-16T23:31:49-07:00,0,58
global.js,50,js,db7352ed,timeturtles,2026-04-16,23:31:49,-07:00,2026-04-16T23:31:49-07:00,0,0
global.js,51,js,db7352ed,timeturtles,2026-04-16,23:31:49,-07:00,2026-04-16T23:31:49-07:00,0,49
global.js,52,js,db7352ed,timeturtles,2026-04-16,23:31:49,-07:00,2026-04-16T23:31:49-07:00,1,77
global.js,53,js,690569a1,timeturtles,2026-04-16,23:43:37,-07:00,2026-04-16T23:43:37-07:00,1,44
global.js,54,js,db7352ed,timeturtles,2026-04-16,23:31:49,-07:00,2026-04-16T23:31:49-07:00,0,1
global.js,55,js,db7352ed,timeturtles,2026-04-16,23:31:49,-07:00,2026-04-16T23:31:49-07:00,0,0
global.js,56,js,690569a1,timeturtles,2026-04-16,23:43:37,-07:00,2026-04-16T23:43:37-07:00,0,34
global.js,57,js,690569a1,timeturtles,2026-04-16,23:43:37,-07:00,2026-04-16T23:43:37-07:00,1,83
global.js,58,js,690569a1,timeturtles,2026-04-16,23:43:37,-07:00,2026-04-16T23:43:37-07:00,1,38
global.js,59,js,690569a1,timeturtles,2026-04-16,23:43:37,-07:00,2026-04-16T23:43:37-07:00,0,0
global.js,60,js,690569a1,timeturtles,2026-04-16,23:43:37,-07:00,2026-04-16T23:43:37-07:00,0,0
global.js,61,js,53c141c9,timeturtles,2026-04-23,17:55:09,-07:00,2026-04-23T17:55:09-07:00,0,36
global.js,62,js,53c141c9,timeturtles,2026-04-23,17:55:09,-07:00,2026-04-23T17:55:09-07:00,1,3
global.js,63,js,53c141c9,timeturtles,2026-04-23,17:55:09,-07:00,2026-04-23T17:55:09-07:00,2,39
global.js,64,js,53c141c9,timeturtles,2026-04-23,17:55:09,-07:00,2026-04-23T17:55:09-07:00,2,32
global.js,65,js,1d412da2,timeturtles,2026-04-24,00:40:49,-07:00,2026-04-24T00:40:49-07:00,2,19
global.js,66,js,53c141c9,timeturtles,2026-04-23,17:55:09,-07:00,2026-04-23T17:55:09-07:00,2,17
global.js,67,js,53c141c9,timeturtles,2026-04-23,17:55:09,-07:00,2026-04-23T17:55:09-07:00,3,66
global.js,68,js,53c141c9,timeturtles,2026-04-23,17:55:09,-07:00,2026-04-23T17:55:09-07:00,2,0
global.js,69,js,1d412da2,timeturtles,2026-04-24,00:40:49,-07:00,2026-04-24T00:40:49-07:00,2,33
global.js,70,js,1d412da2,timeturtles,2026-04-24,00:40:49,-07:00,2026-04-24T00:40:49-07:00,2,10
global.js,71,js,53c141c9,timeturtles,2026-04-23,17:55:09,-07:00,2026-04-23T17:55:09-07:00,1,15
global.js,72,js,53c141c9,timeturtles,2026-04-23,17:55:09,-07:00,2026-04-23T17:55:09-07:00,2,59
global.js,73,js,53c141c9,timeturtles,2026-04-23,17:55:09,-07:00,2026-04-23T17:55:09-07:00,1,0
global.js,74,js,53c141c9,timeturtles,2026-04-23,17:55:09,-07:00,2026-04-23T17:55:09-07:00,0,0
global.js,75,js,991748f5,timeturtles,2026-04-16,18:53:12,-07:00,2026-04-16T18:53:12-07:00,0,0
global.js,76,js,f38442f6,timeturtles,2026-04-24,00:00:28,-07:00,2026-04-24T00:00:28-07:00,0,78
global.js,77,js,f38442f6,timeturtles,2026-04-24,00:00:28,-07:00,2026-04-24T00:00:28-07:00,1,30
global.js,78,js,9f112c94,timeturtles,2026-04-24,01:02:44,-07:00,2026-04-24T01:02:44-07:00,1,21
global.js,79,js,9f112c94,timeturtles,2026-04-24,01:02:44,-07:00,2026-04-24T01:02:44-07:00,2,48
global.js,80,js,9f112c94,timeturtles,2026-04-24,01:02:44,-07:00,2026-04-24T01:02:44-07:00,2,19
global.js,81,js,54e5f9e6,timeturtles,2026-04-24,01:18:38,-07:00,2026-04-24T01:18:38-07:00,3,43
global.js,82,js,54e5f9e6,timeturtles,2026-04-24,01:18:38,-07:00,2026-04-24T01:18:38-07:00,3,37
global.js,83,js,028e97d3,timeturtles,2026-04-30,23:16:46,-07:00,2026-04-30T23:16:46-07:00,3,25
global.js,84,js,028e97d3,timeturtles,2026-04-30,23:16:46,-07:00,2026-04-30T23:16:46-07:00,3,31
global.js,85,js,9f112c94,timeturtles,2026-04-24,01:02:44,-07:00,2026-04-24T01:02:44-07:00,2,0
global.js,86,js,9f112c94,timeturtles,2026-04-24,01:02:44,-07:00,2026-04-24T01:02:44-07:00,2,36
global.js,87,js,9f112c94,timeturtles,2026-04-24,01:02:44,-07:00,2026-04-24T01:02:44-07:00,1,0
global.js,88,js,77cfde3c,timeturtles,2026-04-24,02:03:33,-07:00,2026-04-24T02:03:33-07:00,0,0
global.js,89,js,77cfde3c,timeturtles,2026-04-24,02:03:33,-07:00,2026-04-24T02:03:33-07:00,0,0
global.js,90,js,77cfde3c,timeturtles,2026-04-24,02:03:33,-07:00,2026-04-24T02:03:33-07:00,0,47
global.js,91,js,77cfde3c,timeturtles,2026-04-24,02:03:33,-07:00,2026-04-24T02:03:33-07:00,1,59
global.js,92,js,77cfde3c,timeturtles,2026-04-24,02:03:33,-07:00,2026-04-24T02:03:33-07:00,0,0
resume\index.html,1,html,af672fa0,timeturtles,2026-04-03,12:14:10,-07:00,2026-04-03T12:14:10-07:00,0,13
resume\index.html,2,html,af672fa0,timeturtles,2026-04-03,12:14:10,-07:00,2026-04-03T12:14:10-07:00,0,14
resume\index.html,3,html,af672fa0,timeturtles,2026-04-03,12:14:10,-07:00,2026-04-03T12:14:10-07:00,0,4
resume\index.html,4,html,af672fa0,timeturtles,2026-04-03,12:14:10,-07:00,2026-04-03T12:14:10-07:00,2,20
resume\index.html,5,html,af672fa0,timeturtles,2026-04-03,12:14:10,-07:00,2026-04-03T12:14:10-07:00,2,68
resume\index.html,6,html,af672fa0,timeturtles,2026-04-03,12:14:10,-07:00,2026-04-03T12:14:10-07:00,2,19
resume\index.html,7,html,f17a3134,timeturtles,2026-04-10,14:07:38,-07:00,2026-04-10T14:07:38-07:00,2,41
resume\index.html,8,html,c8a9d12e,timeturtles,2026-04-16,19:13:36,-07:00,2026-04-16T19:13:36-07:00,2,63
resume\index.html,9,html,af672fa0,timeturtles,2026-04-03,12:14:10,-07:00,2026-04-03T12:14:10-07:00,0,5
resume\index.html,10,html,af672fa0,timeturtles,2026-04-03,12:14:10,-07:00,2026-04-03T12:14:10-07:00,0,4
resume\index.html,11,html,dd862ad6,timeturtles,2026-04-10,21:28:26,-07:00,2026-04-10T21:28:26-07:00,2,18
resume\index.html,12,html,94849451,timeturtles,2026-04-10,21:50:18,-07:00,2026-04-10T21:50:18-07:00,4,13
resume\index.html,13,html,94849451,timeturtles,2026-04-10,21:50:18,-07:00,2026-04-10T21:50:18-07:00,4,7
resume\index.html,14,html,94849451,timeturtles,2026-04-10,21:50:18,-07:00,2026-04-10T21:50:18-07:00,6,14
resume\index.html,15,html,94849451,timeturtles,2026-04-10,21:50:18,-07:00,2026-04-10T21:50:18-07:00,6,1
resume\index.html,16,html,94849451,timeturtles,2026-04-10,21:50:18,-07:00,2026-04-10T21:50:18-07:00,8,411
resume\index.html,17,html,94849451,timeturtles,2026-04-10,21:50:18,-07:00,2026-04-10T21:50:18-07:00,6,2
resume\index.html,18,html,94849451,timeturtles,2026-04-10,21:50:18,-07:00,2026-04-10T21:50:18-07:00,4,8
resume\index.html,19,html,94849451,timeturtles,2026-04-10,21:50:18,-07:00,2026-04-10T21:50:18-07:00,4,26
resume\index.html,20,html,94849451,timeturtles,2026-04-10,21:50:18,-07:00,2026-04-10T21:50:18-07:00,6,17
resume\index.html,21,html,94849451,timeturtles,2026-04-10,21:50:18,-07:00,2026-04-10T21:50:18-07:00,6,21
resume\index.html,22,html,94849451,timeturtles,2026-04-10,21:50:18,-07:00,2026-04-10T21:50:18-07:00,8,22
resume\index.html,23,html,94849451,timeturtles,2026-04-10,21:50:18,-07:00,2026-04-10T21:50:18-07:00,10,73
resume\index.html,24,html,94849451,timeturtles,2026-04-10,21:50:18,-07:00,2026-04-10T21:50:18-07:00,10,60
resume\index.html,25,html,94849451,timeturtles,2026-04-10,21:50:18,-07:00,2026-04-10T21:50:18-07:00,8,4
resume\index.html,26,html,94849451,timeturtles,2026-04-10,21:50:18,-07:00,2026-04-10T21:50:18-07:00,8,2
resume\index.html,27,html,94849451,timeturtles,2026-04-10,21:50:18,-07:00,2026-04-10T21:50:18-07:00,10,68
resume\index.html,28,html,94849451,timeturtles,2026-04-10,21:50:18,-07:00,2026-04-10T21:50:18-07:00,10,69
resume\index.html,29,html,94849451,timeturtles,2026-04-10,21:50:18,-07:00,2026-04-10T21:50:18-07:00,10,89
resume\index.html,30,html,94849451,timeturtles,2026-04-10,21:50:18,-07:00,2026-04-10T21:50:18-07:00,10,77
resume\index.html,31,html,94849451,timeturtles,2026-04-10,21:50:18,-07:00,2026-04-10T21:50:18-07:00,8,3
resume\index.html,32,html,94849451,timeturtles,2026-04-10,21:50:18,-07:00,2026-04-10T21:50:18-07:00,6,4
resume\index.html,33,html,94849451,timeturtles,2026-04-10,21:50:18,-07:00,2026-04-10T21:50:18-07:00,6,21
resume\index.html,34,html,94849451,timeturtles,2026-04-10,21:50:18,-07:00,2026-04-10T21:50:18-07:00,8,22
resume\index.html,35,html,94849451,timeturtles,2026-04-10,21:50:18,-07:00,2026-04-10T21:50:18-07:00,10,53
resume\index.html,36,html,94849451,timeturtles,2026-04-10,21:50:18,-07:00,2026-04-10T21:50:18-07:00,10,75
resume\index.html,37,html,94849451,timeturtles,2026-04-10,21:50:18,-07:00,2026-04-10T21:50:18-07:00,8,4
resume\index.html,38,html,94849451,timeturtles,2026-04-10,21:50:18,-07:00,2026-04-10T21:50:18-07:00,8,2
resume\index.html,39,html,94849451,timeturtles,2026-04-10,21:50:18,-07:00,2026-04-10T21:50:18-07:00,10,65
resume\index.html,40,html,94849451,timeturtles,2026-04-10,21:50:18,-07:00,2026-04-10T21:50:18-07:00,10,75
resume\index.html,41,html,94849451,timeturtles,2026-04-10,21:50:18,-07:00,2026-04-10T21:50:18-07:00,10,69
resume\index.html,42,html,94849451,timeturtles,2026-04-10,21:50:18,-07:00,2026-04-10T21:50:18-07:00,10,61
resume\index.html,43,html,94849451,timeturtles,2026-04-10,21:50:18,-07:00,2026-04-10T21:50:18-07:00,8,3
resume\index.html,44,html,94849451,timeturtles,2026-04-10,21:50:18,-07:00,2026-04-10T21:50:18-07:00,6,4
resume\index.html,45,html,94849451,timeturtles,2026-04-10,21:50:18,-07:00,2026-04-10T21:50:18-07:00,4,8
resume\index.html,46,html,94849451,timeturtles,2026-04-10,21:50:18,-07:00,2026-04-10T21:50:18-07:00,4,7
resume\index.html,47,html,94849451,timeturtles,2026-04-10,21:50:18,-07:00,2026-04-10T21:50:18-07:00,6,13
resume\index.html,48,html,8cd89fb5,timeturtles,2026-04-10,21:54:27,-07:00,2026-04-10T21:54:27-07:00,6,18
resume\index.html,49,html,8cd89fb5,timeturtles,2026-04-10,21:54:27,-07:00,2026-04-10T21:54:27-07:00,8,2
resume\index.html,50,html,8cd89fb5,timeturtles,2026-04-10,21:54:27,-07:00,2026-04-10T21:54:27-07:00,10,20
resume\index.html,51,html,8cd89fb5,timeturtles,2026-04-10,21:54:27,-07:00,2026-04-10T21:54:27-07:00,10,27
resume\index.html,52,html,8cd89fb5,timeturtles,2026-04-10,21:54:27,-07:00,2026-04-10T21:54:27-07:00,10,23
resume\index.html,53,html,8cd89fb5,timeturtles,2026-04-10,21:54:27,-07:00,2026-04-10T21:54:27-07:00,10,25
resume\index.html,54,html,8cd89fb5,timeturtles,2026-04-10,21:54:27,-07:00,2026-04-10T21:54:27-07:00,10,29
resume\index.html,55,html,8cd89fb5,timeturtles,2026-04-10,21:54:27,-07:00,2026-04-10T21:54:27-07:00,10,27
resume\index.html,56,html,8cd89fb5,timeturtles,2026-04-10,21:54:27,-07:00,2026-04-10T21:54:27-07:00,8,3
resume\index.html,57,html,8cd89fb5,timeturtles,2026-04-10,21:54:27,-07:00,2026-04-10T21:54:27-07:00,6,4
resume\index.html,58,html,94849451,timeturtles,2026-04-10,21:50:18,-07:00,2026-04-10T21:50:18-07:00,4,8
resume\index.html,59,html,94849451,timeturtles,2026-04-10,21:50:18,-07:00,2026-04-10T21:50:18-07:00,4,7
resume\index.html,60,html,94849451,timeturtles,2026-04-10,21:50:18,-07:00,2026-04-10T21:50:18-07:00,6,16
resume\index.html,61,html,94849451,timeturtles,2026-04-10,21:50:18,-07:00,2026-04-10T21:50:18-07:00,6,137
resume\index.html,62,html,94849451,timeturtles,2026-04-10,21:50:18,-07:00,2026-04-10T21:50:18-07:00,6,2
resume\index.html,63,html,94849451,timeturtles,2026-04-10,21:50:18,-07:00,2026-04-10T21:50:18-07:00,8,14
resume\index.html,64,html,94849451,timeturtles,2026-04-10,21:50:18,-07:00,2026-04-10T21:50:18-07:00,6,3
resume\index.html,65,html,94849451,timeturtles,2026-04-10,21:50:18,-07:00,2026-04-10T21:50:18-07:00,4,8
resume\index.html,66,html,94849451,timeturtles,2026-04-10,21:50:18,-07:00,2026-04-10T21:50:18-07:00,4,7
resume\index.html,67,html,94849451,timeturtles,2026-04-10,21:50:18,-07:00,2026-04-10T21:50:18-07:00,6,16
resume\index.html,68,html,94849451,timeturtles,2026-04-10,21:50:18,-07:00,2026-04-10T21:50:18-07:00,6,2
resume\index.html,69,html,94849451,timeturtles,2026-04-10,21:50:18,-07:00,2026-04-10T21:50:18-07:00,8,23
resume\index.html,70,html,94849451,timeturtles,2026-04-10,21:50:18,-07:00,2026-04-10T21:50:18-07:00,8,31
resume\index.html,71,html,94849451,timeturtles,2026-04-10,21:50:18,-07:00,2026-04-10T21:50:18-07:00,6,3
resume\index.html,72,html,94849451,timeturtles,2026-04-10,21:50:18,-07:00,2026-04-10T21:50:18-07:00,4,8
resume\index.html,73,html,dd862ad6,timeturtles,2026-04-10,21:28:26,-07:00,2026-04-10T21:28:26-07:00,2,4
resume\index.html,74,html,af672fa0,timeturtles,2026-04-03,12:14:10,-07:00,2026-04-03T12:14:10-07:00,0,5
resume\index.html,75,html,af672fa0,timeturtles,2026-04-03,12:14:10,-07:00,2026-04-03T12:14:10-07:00,0,5
projects\projects.js,1,js,f38442f6,timeturtles,2026-04-24,00:00:28,-07:00,2026-04-24T00:00:28-07:00,0,55
projects\projects.js,2,js,61177623,timeturtles,2026-05-01,03:38:45,-07:00,2026-05-01T03:38:45-07:00,0,63
projects\projects.js,3,js,61177623,timeturtles,2026-05-01,03:38:45,-07:00,2026-05-01T03:38:45-07:00,0,0
projects\projects.js,4,js,f38442f6,timeturtles,2026-04-24,00:00:28,-07:00,2026-04-24T00:00:28-07:00,0,55
projects\projects.js,5,js,f38442f6,timeturtles,2026-04-24,00:00:28,-07:00,2026-04-24T00:00:28-07:00,0,60
projects\projects.js,6,js,f38442f6,timeturtles,2026-04-24,00:00:28,-07:00,2026-04-24T00:00:28-07:00,0,48
projects\projects.js,7,js,f38442f6,timeturtles,2026-04-24,00:00:28,-07:00,2026-04-24T00:00:28-07:00,0,0
projects\projects.js,8,js,f38442f6,timeturtles,2026-04-24,00:00:28,-07:00,2026-04-24T00:00:28-07:00,0,61
projects\projects.js,9,js,f38442f6,timeturtles,2026-04-24,00:00:28,-07:00,2026-04-24T00:00:28-07:00,0,55
projects\projects.js,10,js,61177623,timeturtles,2026-05-01,03:38:45,-07:00,2026-05-01T03:38:45-07:00,0,0
projects\projects.js,11,js,61177623,timeturtles,2026-05-01,03:38:45,-07:00,2026-05-01T03:38:45-07:00,0,57
projects\projects.js,12,js,61177623,timeturtles,2026-05-01,03:38:45,-07:00,2026-05-01T03:38:45-07:00,0,47
projects\projects.js,13,js,094dbfe2,timeturtles,2026-05-01,17:05:47,-07:00,2026-05-01T17:05:47-07:00,0,13
projects\projects.js,14,js,094dbfe2,timeturtles,2026-05-01,17:05:47,-07:00,2026-05-01T17:05:47-07:00,0,21
projects\projects.js,15,js,094dbfe2,timeturtles,2026-05-01,17:05:47,-07:00,2026-05-01T17:05:47-07:00,0,0
projects\projects.js,16,js,094dbfe2,timeturtles,2026-05-01,17:05:47,-07:00,2026-05-01T17:05:47-07:00,0,25
projects\projects.js,17,js,094dbfe2,timeturtles,2026-05-01,17:05:47,-07:00,2026-05-01T17:05:47-07:00,1,35
projects\projects.js,18,js,094dbfe2,timeturtles,2026-05-01,17:05:47,-07:00,2026-05-01T17:05:47-07:00,2,14
projects\projects.js,19,js,094dbfe2,timeturtles,2026-05-01,17:05:47,-07:00,2026-05-01T17:05:47-07:00,2,42
projects\projects.js,20,js,094dbfe2,timeturtles,2026-05-01,17:05:47,-07:00,2026-05-01T17:05:47-07:00,3,9
projects\projects.js,21,js,094dbfe2,timeturtles,2026-05-01,17:05:47,-07:00,2026-05-01T17:05:47-07:00,3,12
projects\projects.js,22,js,094dbfe2,timeturtles,2026-05-01,17:05:47,-07:00,2026-05-01T17:05:47-07:00,3,29
projects\projects.js,23,js,094dbfe2,timeturtles,2026-05-01,17:05:47,-07:00,2026-05-01T17:05:47-07:00,0,0
projects\projects.js,24,js,094dbfe2,timeturtles,2026-05-01,17:05:47,-07:00,2026-05-01T17:05:47-07:00,2,17
projects\projects.js,25,js,094dbfe2,timeturtles,2026-05-01,17:05:47,-07:00,2026-05-01T17:05:47-07:00,2,17
projects\projects.js,26,js,094dbfe2,timeturtles,2026-05-01,17:05:47,-07:00,2026-05-01T17:05:47-07:00,3,56
projects\projects.js,27,js,094dbfe2,timeturtles,2026-05-01,17:05:47,-07:00,2026-05-01T17:05:47-07:00,0,0
projects\projects.js,28,js,094dbfe2,timeturtles,2026-05-01,17:05:47,-07:00,2026-05-01T17:05:47-07:00,2,34
projects\projects.js,29,js,094dbfe2,timeturtles,2026-05-01,17:05:47,-07:00,2026-05-01T17:05:47-07:00,1,1
projects\projects.js,30,js,094dbfe2,timeturtles,2026-05-01,17:05:47,-07:00,2026-05-01T17:05:47-07:00,0,0
projects\projects.js,31,js,094dbfe2,timeturtles,2026-05-01,17:05:47,-07:00,2026-05-01T17:05:47-07:00,0,0
projects\projects.js,32,js,094dbfe2,timeturtles,2026-05-01,17:05:47,-07:00,2026-05-01T17:05:47-07:00,0,26
projects\projects.js,33,js,61177623,timeturtles,2026-05-01,03:38:45,-07:00,2026-05-01T03:38:45-07:00,0,0
projects\projects.js,34,js,61177623,timeturtles,2026-05-01,03:38:45,-07:00,2026-05-01T03:38:45-07:00,0,38
projects\projects.js,35,js,61177623,timeturtles,2026-05-01,03:38:45,-07:00,2026-05-01T03:38:45-07:00,1,29
projects\projects.js,36,js,61177623,timeturtles,2026-05-01,03:38:45,-07:00,2026-05-01T03:38:45-07:00,2,12
projects\projects.js,37,js,61177623,timeturtles,2026-05-01,03:38:45,-07:00,2026-05-01T03:38:45-07:00,2,14
projects\projects.js,38,js,61177623,timeturtles,2026-05-01,03:38:45,-07:00,2026-05-01T03:38:45-07:00,2,12
projects\projects.js,39,js,61177623,timeturtles,2026-05-01,03:38:45,-07:00,2026-05-01T03:38:45-07:00,1,0
projects\projects.js,40,js,61177623,timeturtles,2026-05-01,03:38:45,-07:00,2026-05-01T03:38:45-07:00,0,0
projects\projects.js,41,js,61177623,timeturtles,2026-05-01,03:38:45,-07:00,2026-05-01T03:38:45-07:00,1,50
projects\projects.js,42,js,61177623,timeturtles,2026-05-01,03:38:45,-07:00,2026-05-01T03:38:45-07:00,2,35
projects\projects.js,43,js,61177623,timeturtles,2026-05-01,03:38:45,-07:00,2026-05-01T03:38:45-07:00,1,1
projects\projects.js,44,js,61177623,timeturtles,2026-05-01,03:38:45,-07:00,2026-05-01T03:38:45-07:00,0,0
projects\projects.js,45,js,61177623,timeturtles,2026-05-01,03:38:45,-07:00,2026-05-01T03:38:45-07:00,1,53
projects\projects.js,46,js,61177623,timeturtles,2026-05-01,03:38:45,-07:00,2026-05-01T03:38:45-07:00,1,42
projects\projects.js,47,js,61177623,timeturtles,2026-05-01,03:38:45,-07:00,2026-05-01T03:38:45-07:00,1,51
projects\projects.js,48,js,61177623,timeturtles,2026-05-01,03:38:45,-07:00,2026-05-01T03:38:45-07:00,1,0
projects\projects.js,49,js,61177623,timeturtles,2026-05-01,03:38:45,-07:00,2026-05-01T03:38:45-07:00,1,25
projects\projects.js,50,js,61177623,timeturtles,2026-05-01,03:38:45,-07:00,2026-05-01T03:38:45-07:00,1,29
projects\projects.js,51,js,61177623,timeturtles,2026-05-01,03:38:45,-07:00,2026-05-01T03:38:45-07:00,0,0
projects\projects.js,52,js,61177623,timeturtles,2026-05-01,03:38:45,-07:00,2026-05-01T03:38:45-07:00,1,32
projects\projects.js,53,js,61177623,timeturtles,2026-05-01,03:38:45,-07:00,2026-05-01T03:38:45-07:00,1,30
projects\projects.js,54,js,61177623,timeturtles,2026-05-01,03:38:45,-07:00,2026-05-01T03:38:45-07:00,1,27
projects\projects.js,55,js,61177623,timeturtles,2026-05-01,03:38:45,-07:00,2026-05-01T03:38:45-07:00,2,4
projects\projects.js,56,js,61177623,timeturtles,2026-05-01,03:38:45,-07:00,2026-05-01T03:38:45-07:00,3,11
projects\projects.js,57,js,61177623,timeturtles,2026-05-01,03:38:45,-07:00,2026-05-01T03:38:45-07:00,3,93
projects\projects.js,58,js,61177623,timeturtles,2026-05-01,03:38:45,-07:00,2026-05-01T03:38:45-07:00,3,54
projects\projects.js,59,js,61177623,timeturtles,2026-05-01,03:38:45,-07:00,2026-05-01T03:38:45-07:00,3,99
projects\projects.js,60,js,61177623,timeturtles,2026-05-01,03:38:45,-07:00,2026-05-01T03:38:45-07:00,1,1
projects\projects.js,61,js,61177623,timeturtles,2026-05-01,03:38:45,-07:00,2026-05-01T03:38:45-07:00,1,0
projects\projects.js,62,js,61177623,timeturtles,2026-05-01,03:38:45,-07:00,2026-05-01T03:38:45-07:00,1,27
projects\projects.js,63,js,61177623,timeturtles,2026-05-01,03:38:45,-07:00,2026-05-01T03:38:45-07:00,2,29
projects\projects.js,64,js,61177623,timeturtles,2026-05-01,03:38:45,-07:00,2026-05-01T03:38:45-07:00,2,13
projects\projects.js,65,js,61177623,timeturtles,2026-05-01,03:38:45,-07:00,2026-05-01T03:38:45-07:00,2,22
projects\projects.js,66,js,61177623,timeturtles,2026-05-01,03:38:45,-07:00,2026-05-01T03:38:45-07:00,2,18
projects\projects.js,67,js,094dbfe2,timeturtles,2026-05-01,17:05:47,-07:00,2026-05-01T17:05:47-07:00,3,0
projects\projects.js,68,js,094dbfe2,timeturtles,2026-05-01,17:05:47,-07:00,2026-05-01T17:05:47-07:00,3,24
projects\projects.js,69,js,094dbfe2,timeturtles,2026-05-01,17:05:47,-07:00,2026-05-01T17:05:47-07:00,4,17
projects\projects.js,70,js,094dbfe2,timeturtles,2026-05-01,17:05:47,-07:00,2026-05-01T17:05:47-07:00,4,22
projects\projects.js,71,js,094dbfe2,timeturtles,2026-05-01,17:05:47,-07:00,2026-05-01T17:05:47-07:00,3,6
projects\projects.js,72,js,094dbfe2,timeturtles,2026-05-01,17:05:47,-07:00,2026-05-01T17:05:47-07:00,4,16
projects\projects.js,73,js,094dbfe2,timeturtles,2026-05-01,17:05:47,-07:00,2026-05-01T17:05:47-07:00,4,34
projects\projects.js,74,js,094dbfe2,timeturtles,2026-05-01,17:05:47,-07:00,2026-05-01T17:05:47-07:00,3,0
projects\projects.js,75,js,61177623,timeturtles,2026-05-01,03:38:45,-07:00,2026-05-01T03:38:45-07:00,0,0
projects\projects.js,76,js,61177623,timeturtles,2026-05-01,03:38:45,-07:00,2026-05-01T03:38:45-07:00,3,1
projects\projects.js,77,js,61177623,timeturtles,2026-05-01,03:38:45,-07:00,2026-05-01T03:38:45-07:00,4,16
projects\projects.js,78,js,61177623,timeturtles,2026-05-01,03:38:45,-07:00,2026-05-01T03:38:45-07:00,4,26
projects\projects.js,79,js,61177623,timeturtles,2026-05-01,03:38:45,-07:00,2026-05-01T03:38:45-07:00,5,37
projects\projects.js,80,js,61177623,timeturtles,2026-05-01,03:38:45,-07:00,2026-05-01T03:38:45-07:00,4,1
projects\projects.js,81,js,61177623,timeturtles,2026-05-01,03:38:45,-07:00,2026-05-01T03:38:45-07:00,0,0
projects\projects.js,82,js,61177623,timeturtles,2026-05-01,03:38:45,-07:00,2026-05-01T03:38:45-07:00,3,4
projects\projects.js,83,js,61177623,timeturtles,2026-05-01,03:38:45,-07:00,2026-05-01T03:38:45-07:00,4,14
projects\projects.js,84,js,61177623,timeturtles,2026-05-01,03:38:45,-07:00,2026-05-01T03:38:45-07:00,4,26
projects\projects.js,85,js,61177623,timeturtles,2026-05-01,03:38:45,-07:00,2026-05-01T03:38:45-07:00,5,60
projects\projects.js,86,js,61177623,timeturtles,2026-05-01,03:38:45,-07:00,2026-05-01T03:38:45-07:00,4,1
projects\projects.js,87,js,61177623,timeturtles,2026-05-01,03:38:45,-07:00,2026-05-01T03:38:45-07:00,3,0
projects\projects.js,88,js,094dbfe2,timeturtles,2026-05-01,17:05:47,-07:00,2026-05-01T17:05:47-07:00,3,56
projects\projects.js,89,js,61177623,timeturtles,2026-05-01,03:38:45,-07:00,2026-05-01T03:38:45-07:00,2,1
projects\projects.js,90,js,61177623,timeturtles,2026-05-01,03:38:45,-07:00,2026-05-01T03:38:45-07:00,1,1
projects\projects.js,91,js,61177623,timeturtles,2026-05-01,03:38:45,-07:00,2026-05-01T03:38:45-07:00,0,0
projects\projects.js,92,js,61177623,timeturtles,2026-05-01,03:38:45,-07:00,2026-05-01T03:38:45-07:00,0,0
projects\projects.js,93,js,61177623,timeturtles,2026-05-01,03:38:45,-07:00,2026-05-01T03:38:45-07:00,0,23
projects\projects.js,94,js,61177623,timeturtles,2026-05-01,03:38:45,-07:00,2026-05-01T03:38:45-07:00,0,0
projects\projects.js,95,js,61177623,timeturtles,2026-05-01,03:38:45,-07:00,2026-05-01T03:38:45-07:00,0,53
projects\projects.js,96,js,61177623,timeturtles,2026-05-01,03:38:45,-07:00,2026-05-01T03:38:45-07:00,0,0
projects\projects.js,97,js,61177623,timeturtles,2026-05-01,03:38:45,-07:00,2026-05-01T03:38:45-07:00,0,49
projects\projects.js,98,js,61177623,timeturtles,2026-05-01,03:38:45,-07:00,2026-05-01T03:38:45-07:00,1,19
projects\projects.js,99,js,61177623,timeturtles,2026-05-01,03:38:45,-07:00,2026-05-01T03:38:45-07:00,1,25
projects\projects.js,100,js,61177623,timeturtles,2026-05-01,03:38:45,-07:00,2026-05-01T03:38:45-07:00,1,16
projects\projects.js,101,js,094dbfe2,timeturtles,2026-05-01,17:05:47,-07:00,2026-05-01T17:05:47-07:00,1,49
projects\projects.js,102,js,094dbfe2,timeturtles,2026-05-01,17:05:47,-07:00,2026-05-01T17:05:47-07:00,2,75
projects\projects.js,103,js,094dbfe2,timeturtles,2026-05-01,17:05:47,-07:00,2026-05-01T17:05:47-07:00,1,0
projects\projects.js,104,js,094dbfe2,timeturtles,2026-05-01,17:05:47,-07:00,2026-05-01T17:05:47-07:00,1,29
projects\projects.js,105,js,61177623,timeturtles,2026-05-01,03:38:45,-07:00,2026-05-01T03:38:45-07:00,1,25
projects\projects.js,106,js,094dbfe2,timeturtles,2026-05-01,17:05:47,-07:00,2026-05-01T17:05:47-07:00,1,56
projects\projects.js,107,js,61177623,timeturtles,2026-05-01,03:38:45,-07:00,2026-05-01T03:38:45-07:00,0,1
projects\index.html,1,html,784a0ff6,timeturtles,2026-04-01,23:06:26,-07:00,2026-04-01T23:06:26-07:00,0,13
projects\index.html,2,html,784a0ff6,timeturtles,2026-04-01,23:06:26,-07:00,2026-04-01T23:06:26-07:00,0,14
projects\index.html,3,html,784a0ff6,timeturtles,2026-04-01,23:06:26,-07:00,2026-04-01T23:06:26-07:00,0,4
projects\index.html,4,html,784a0ff6,timeturtles,2026-04-01,23:06:26,-07:00,2026-04-01T23:06:26-07:00,2,20
projects\index.html,5,html,784a0ff6,timeturtles,2026-04-01,23:06:26,-07:00,2026-04-01T23:06:26-07:00,2,68
projects\index.html,6,html,784a0ff6,timeturtles,2026-04-01,23:06:26,-07:00,2026-04-01T23:06:26-07:00,2,21
projects\index.html,7,html,f17a3134,timeturtles,2026-04-10,14:07:38,-07:00,2026-04-10T14:07:38-07:00,2,41
projects\index.html,8,html,c8a9d12e,timeturtles,2026-04-16,19:13:36,-07:00,2026-04-16T19:13:36-07:00,2,63
projects\index.html,9,html,784a0ff6,timeturtles,2026-04-01,23:06:26,-07:00,2026-04-01T23:06:26-07:00,0,5
projects\index.html,10,html,784a0ff6,timeturtles,2026-04-01,23:06:26,-07:00,2026-04-01T23:06:26-07:00,0,4
projects\index.html,11,html,f38442f6,timeturtles,2026-04-24,00:00:28,-07:00,2026-04-24T00:00:28-07:00,2,38
projects\index.html,12,html,61177623,timeturtles,2026-05-01,03:38:45,-07:00,2026-05-01T03:38:45-07:00,2,21
projects\index.html,13,html,61177623,timeturtles,2026-05-01,03:38:45,-07:00,2026-05-01T03:38:45-07:00,4,58
projects\index.html,14,html,61177623,timeturtles,2026-05-01,03:38:45,-07:00,2026-05-01T03:38:45-07:00,4,22
projects\index.html,15,html,61177623,timeturtles,2026-05-01,03:38:45,-07:00,2026-05-01T03:38:45-07:00,2,4
projects\index.html,16,html,61177623,timeturtles,2026-05-01,03:38:45,-07:00,2026-05-01T03:38:45-07:00,2,4
projects\index.html,17,html,61177623,timeturtles,2026-05-01,03:38:45,-07:00,2026-05-01T03:38:45-07:00,4,15
projects\index.html,18,html,61177623,timeturtles,2026-05-01,03:38:45,-07:00,2026-05-01T03:38:45-07:00,4,11
projects\index.html,19,html,61177623,timeturtles,2026-05-01,03:38:45,-07:00,2026-05-01T03:38:45-07:00,4,26
projects\index.html,20,html,61177623,timeturtles,2026-05-01,03:38:45,-07:00,2026-05-01T03:38:45-07:00,4,31
projects\index.html,21,html,61177623,timeturtles,2026-05-01,03:38:45,-07:00,2026-05-01T03:38:45-07:00,2,0
projects\index.html,22,html,9b4f8fa2,timeturtles,2026-04-24,00:56:44,-07:00,2026-04-24T00:56:44-07:00,2,26
projects\index.html,23,html,9b4f8fa2,timeturtles,2026-04-24,00:56:44,-07:00,2026-04-24T00:56:44-07:00,2,48
projects\index.html,24,html,9b4f8fa2,timeturtles,2026-04-24,00:56:44,-07:00,2026-04-24T00:56:44-07:00,2,47
projects\index.html,25,html,784a0ff6,timeturtles,2026-04-01,23:06:26,-07:00,2026-04-01T23:06:26-07:00,0,5
projects\index.html,26,html,784a0ff6,timeturtles,2026-04-01,23:06:26,-07:00,2026-04-01T23:06:26-07:00,0,5
meta\index.html,1,html,531fd3e8,timeturtles,2026-05-09,15:42:39,-07:00,2026-05-09T15:42:39-07:00,0,13
meta\index.html,2,html,531fd3e8,timeturtles,2026-05-09,15:42:39,-07:00,2026-05-09T15:42:39-07:00,0,14
meta\index.html,3,html,531fd3e8,timeturtles,2026-05-09,15:42:39,-07:00,2026-05-09T15:42:39-07:00,0,4
meta\index.html,4,html,531fd3e8,timeturtles,2026-05-09,15:42:39,-07:00,2026-05-09T15:42:39-07:00,2,20
meta\index.html,5,html,531fd3e8,timeturtles,2026-05-09,15:42:39,-07:00,2026-05-09T15:42:39-07:00,2,68
meta\index.html,6,html,531fd3e8,timeturtles,2026-05-09,15:42:39,-07:00,2026-05-09T15:42:39-07:00,2,17
meta\index.html,7,html,531fd3e8,timeturtles,2026-05-09,15:42:39,-07:00,2026-05-09T15:42:39-07:00,2,41
meta\index.html,8,html,531fd3e8,timeturtles,2026-05-09,15:42:39,-07:00,2026-05-09T15:42:39-07:00,2,63
meta\index.html,9,html,531fd3e8,timeturtles,2026-05-09,15:42:39,-07:00,2026-05-09T15:42:39-07:00,0,5
meta\index.html,10,html,531fd3e8,timeturtles,2026-05-09,15:42:39,-07:00,2026-05-09T15:42:39-07:00,0,4
meta\index.html,11,html,531fd3e8,timeturtles,2026-05-09,15:42:39,-07:00,2026-05-09T15:42:39-07:00,2,11
meta\index.html,12,html,531fd3e8,timeturtles,2026-05-09,15:42:39,-07:00,2026-05-09T15:42:39-07:00,0,5
meta\index.html,13,html,531fd3e8,timeturtles,2026-05-09,15:42:39,-07:00,2026-05-09T15:42:39-07:00,0,5
contact\index.html,1,html,784a0ff6,timeturtles,2026-04-01,23:06:26,-07:00,2026-04-01T23:06:26-07:00,0,13
contact\index.html,2,html,784a0ff6,timeturtles,2026-04-01,23:06:26,-07:00,2026-04-01T23:06:26-07:00,0,14
contact\index.html,3,html,784a0ff6,timeturtles,2026-04-01,23:06:26,-07:00,2026-04-01T23:06:26-07:00,0,4
contact\index.html,4,html,784a0ff6,timeturtles,2026-04-01,23:06:26,-07:00,2026-04-01T23:06:26-07:00,2,20
contact\index.html,5,html,784a0ff6,timeturtles,2026-04-01,23:06:26,-07:00,2026-04-01T23:06:26-07:00,2,68
contact\index.html,6,html,e9d11ed9,timeturtles,2026-04-01,23:11:59,-07:00,2026-04-01T23:11:59-07:00,2,20
contact\index.html,7,html,f17a3134,timeturtles,2026-04-10,14:07:38,-07:00,2026-04-10T14:07:38-07:00,2,41
contact\index.html,8,html,c8a9d12e,timeturtles,2026-04-16,19:13:36,-07:00,2026-04-16T19:13:36-07:00,2,63
contact\index.html,9,html,784a0ff6,timeturtles,2026-04-01,23:06:26,-07:00,2026-04-01T23:06:26-07:00,0,5
contact\index.html,10,html,784a0ff6,timeturtles,2026-04-01,23:06:26,-07:00,2026-04-01T23:06:26-07:00,0,4
contact\index.html,11,html,e9d11ed9,timeturtles,2026-04-01,23:11:59,-07:00,2026-04-01T23:11:59-07:00,2,14
contact\index.html,12,html,784a0ff6,timeturtles,2026-04-01,23:06:26,-07:00,2026-04-01T23:06:26-07:00,2,78
contact\index.html,13,html,e9d11ed9,timeturtles,2026-04-01,23:11:59,-07:00,2026-04-01T23:11:59-07:00,4,11
contact\index.html,14,html,784a0ff6,timeturtles,2026-04-01,23:06:26,-07:00,2026-04-01T23:06:26-07:00,6,31
contact\index.html,15,html,784a0ff6,timeturtles,2026-04-01,23:06:26,-07:00,2026-04-01T23:06:26-07:00,4,6
contact\index.html,16,html,e9d11ed9,timeturtles,2026-04-01,23:11:59,-07:00,2026-04-01T23:11:59-07:00,4,13
contact\index.html,17,html,784a0ff6,timeturtles,2026-04-01,23:06:26,-07:00,2026-04-01T23:06:26-07:00,6,20
contact\index.html,18,html,784a0ff6,timeturtles,2026-04-01,23:06:26,-07:00,2026-04-01T23:06:26-07:00,4,6
contact\index.html,19,html,e9d11ed9,timeturtles,2026-04-01,23:11:59,-07:00,2026-04-01T23:11:59-07:00,4,10
contact\index.html,20,html,784a0ff6,timeturtles,2026-04-01,23:06:26,-07:00,2026-04-01T23:06:26-07:00,6,31
contact\index.html,21,html,784a0ff6,timeturtles,2026-04-01,23:06:26,-07:00,2026-04-01T23:06:26-07:00,4,6
contact\index.html,22,html,af672fa0,timeturtles,2026-04-03,12:14:10,-07:00,2026-04-03T12:14:10-07:00,4,21
contact\index.html,23,html,784a0ff6,timeturtles,2026-04-01,23:06:26,-07:00,2026-04-01T23:06:26-07:00,2,5
contact\index.html,24,html,784a0ff6,timeturtles,2026-04-01,23:06:26,-07:00,2026-04-01T23:06:26-07:00,0,5
contact\index.html,25,html,784a0ff6,timeturtles,2026-04-01,23:06:26,-07:00,2026-04-01T23:06:26-07:00,0,5
